{
  "project_info": {
    "project_number": "532856539478",
    "firebase_url": "https://clasificadordepesos.firebaseio.com",
    "project_id": "clasificadordepesos",
    "storage_bucket": "clasificadordepesos.appspot.com"
  },
  "client": [
    {
      "client_info": {
        "mobilesdk_app_id": "1:532856539478:android:70e6b8cbefbf395633eef7",
        "android_client_info": {
          "package_name": "amst4.t12020.espol.clasificadordepesos"
        }
      },
      "oauth_client": [
        {
          "client_id": "532856539478-1q1u92k5dheo5unupsfatips9ueotf97.apps.googleusercontent.com",
          "client_type": 1,
          "android_info": {
            "package_name": "amst4.t12020.espol.clasificadordepesos",
            "certificate_hash": "66566096651ba091449df84c10d7e35d303e5455"
          }
        },
        {
          "client_id": "532856539478-8v7llo0hoopoc26gvpq0kgr31tem2i6q.apps.googleusercontent.com",
          "client_type": 3
        }
      ],
      "api_key": [
        {
          "current_key": "AIzaSyD63XEBKE8sGPEcWxqZDkNlCC6JYaINM98"
        }
      ],
      "services": {
        "appinvite_service": {
          "other_platform_oauth_client": [
            {
              "client_id": "532856539478-8v7llo0hoopoc26gvpq0kgr31tem2i6q.apps.googleusercontent.com",
              "client_type": 3
            }
          ]
        }
      }
    }
  ],
  "configuration_version": "1"
}